ser,in1,in2,in3,h2o,pt1,pt2,pt3,rs1,potency
1,540,0,2.5,162,1040,676,28,0,79.99
2,540,0,2.5,162,1055,676,28,0,61.89
3,332.5,142.5,0,228,932,594,270,0,40.27
4,332.5,142.5,0,228,932,594,365,0,41.05
5,198.6,132.4,0,192,978.4,825.5,360,0,44.3
6,266,114,0,228,932,670,90,0,47.03
7,380,95,0,228,932,594,365,0,43.7
8,380,95,0,228,932,594,28,0,36.45
9,266,114,0,228,932,670,28,0,45.85
10,475,0,0,228,932,594,28,0,39.29
11,198.6,132.4,0,192,978.4,825.5,90,0,38.07
12,198.6,132.4,0,192,978.4,825.5,28,0,28.02
13,427.5,47.5,0,228,932,594,270,0,43.01
14,190,190,0,228,932,670,90,0,42.33
15,304,76,0,228,932,670,28,0,47.81
16,380,0,0,228,932,670,90,0,52.91
17,139.6,209.4,0,192,1047,806.9,90,0,39.36
18,342,38,0,228,932,670,365,0,56.14
19,380,95,0,228,932,594,90,0,40.56
20,475,0,0,228,932,594,180,0,42.62
21,427.5,47.5,0,228,932,594,180,0,41.84
22,139.6,209.4,0,192,1047,806.9,28,0,28.24
23,139.6,209.4,0,192,1047,806.9,3,0,8.06
24,139.6,209.4,0,192,1047,806.9,180,0,44.21
25,380,0,0,228,932,670,365,0,52.52
26,380,0,0,228,932,670,270,0,53.3
27,380,95,0,228,932,594,270,0,41.15
28,342,38,0,228,932,670,180,0,52.12
29,427.5,47.5,0,228,932,594,28,0,37.43
30,475,0,0,228,932,594,7,0,38.6
31,304,76,0,228,932,670,365,0,55.26
32,266,114,0,228,932,670,365,0,52.91
33,198.6,132.4,0,192,978.4,825.5,180,0,41.72
34,475,0,0,228,932,594,270,0,42.13
35,190,190,0,228,932,670,365,0,53.69
36,237.5,237.5,0,228,932,594,270,0,38.41
37,237.5,237.5,0,228,932,594,28,0,30.08
38,332.5,142.5,0,228,932,594,90,0,37.72
39,475,0,0,228,932,594,90,0,42.23
40,237.5,237.5,0,228,932,594,180,0,36.25
41,342,38,0,228,932,670,90,0,50.46
42,427.5,47.5,0,228,932,594,365,0,43.7
43,237.5,237.5,0,228,932,594,365,0,39
44,380,0,0,228,932,670,180,0,53.1
45,427.5,47.5,0,228,932,594,90,0,41.54
46,427.5,47.5,0,228,932,594,7,0,35.08
47,349,0,0,192,1047,806.9,3,0,15.05
48,380,95,0,228,932,594,180,0,40.76
49,237.5,237.5,0,228,932,594,7,0,26.26
50,380,95,0,228,932,594,7,0,32.82
51,332.5,142.5,0,228,932,594,180,0,39.78
52,190,190,0,228,932,670,180,0,46.93
53,237.5,237.5,0,228,932,594,90,0,33.12
54,304,76,0,228,932,670,90,0,49.19
55,139.6,209.4,0,192,1047,806.9,7,0,14.59
56,198.6,132.4,0,192,978.4,825.5,7,0,14.64
57,475,0,0,228,932,594,365,0,41.93
58,198.6,132.4,0,192,978.4,825.5,3,0,9.13
59,304,76,0,228,932,670,180,0,50.95
60,332.5,142.5,0,228,932,594,28,0,33.02
61,304,76,0,228,932,670,270,0,54.38
62,266,114,0,228,932,670,270,0,51.73
63,310,0,0,192,971,850.6,3,0,9.87
64,190,190,0,228,932,670,270,0,50.66
65,266,114,0,228,932,670,180,0,48.7
66,342,38,0,228,932,670,270,0,55.06
67,139.6,209.4,0,192,1047,806.9,360,0,44.7
68,332.5,142.5,0,228,932,594,7,0,30.28
69,190,190,0,228,932,670,28,0,40.86
70,485,0,0,146,1120,800,28,0,71.99
71,374,189.2,10.1,170.1,926.1,756.7,3,0,34.4
72,313.3,262.2,8.6,175.5,1046.9,611.8,3,0,28.8
73,425,106.3,16.5,153.5,852.1,887.1,3,0,33.4
74,425,106.3,18.6,151.4,936,803.7,3,0,36.3
75,375,93.8,23.4,126.6,852.1,992.6,3,0,29
76,475,118.8,8.9,181.1,852.1,781.5,3,0,37.8
77,469,117.2,32.2,137.8,852.1,840.5,3,0,40.2
78,425,106.3,16.5,153.5,852.1,887.1,3,0,33.4
79,388.6,97.1,12.1,157.9,852.1,925.7,3,0,28.1
80,531.3,0,28.2,141.8,852.1,893.7,3,0,41.3
81,425,106.3,16.5,153.5,852.1,887.1,3,0,33.4
82,318.8,212.5,14.3,155.7,852.1,880.4,3,0,25.2
83,401.8,94.7,11.4,147.4,946.8,852.1,3,0,41.1
84,362.6,189,11.6,164.9,944.7,755.8,3,0,35.3
85,323.7,282.8,10.3,183.8,942.7,659.9,3,0,28.3
86,379.5,151.2,15.9,153.9,1134.3,605,3,0,28.6
87,362.6,189,11.6,164.9,944.7,755.8,3,0,35.3
88,286.3,200.9,11.2,144.7,1004.6,803.7,3,0,24.4
89,362.6,189,11.6,164.9,944.7,755.8,3,0,35.3
90,439,177,11.1,186,884.9,707.9,3,0,39.3
91,389.9,189,22,145.9,944.7,755.8,3,0,40.6
92,362.6,189,11.6,164.9,944.7,755.8,3,0,35.3
93,337.9,189,9.5,174.9,944.7,755.8,3,0,24.1
94,374,189.2,10.1,170.1,926.1,756.7,7,0,46.2
95,313.3,262.2,8.6,175.5,1046.9,611.8,7,0,42.8
96,425,106.3,16.5,153.5,852.1,887.1,7,0,49.2
97,425,106.3,18.6,151.4,936,803.7,7,0,46.8
98,375,93.8,23.4,126.6,852.1,992.6,7,0,45.7
99,475,118.8,8.9,181.1,852.1,781.5,7,0,55.6
100,469,117.2,32.2,137.8,852.1,840.5,7,0,54.9
101,425,106.3,16.5,153.5,852.1,887.1,7,0,49.2
102,388.6,97.1,12.1,157.9,852.1,925.7,7,0,34.9
103,531.3,0,28.2,141.8,852.1,893.7,7,0,46.9
104,425,106.3,16.5,153.5,852.1,887.1,7,0,49.2
105,318.8,212.5,14.3,155.7,852.1,880.4,7,0,33.4
106,401.8,94.7,11.4,147.4,946.8,852.1,7,0,54.1
107,362.6,189,11.6,164.9,944.7,755.8,7,0,55.9
108,323.7,282.8,10.3,183.8,942.7,659.9,7,0,49.8
109,379.5,151.2,15.9,153.9,1134.3,605,7,0,47.1
110,362.6,189,11.6,164.9,944.7,755.8,7,0,55.9
111,286.3,200.9,11.2,144.7,1004.6,803.7,7,0,38
112,362.6,189,11.6,164.9,944.7,755.8,7,0,55.9
113,439,177,11.1,186,884.9,707.9,7,0,56.1
114,389.9,189,22,145.9,944.7,755.8,7,0,59.09
115,362.6,189,11.6,164.9,944.7,755.8,7,0,22.9
116,337.9,189,9.5,174.9,944.7,755.8,7,0,35.1
117,374,189.2,10.1,170.1,926.1,756.7,28,0,61.09
118,313.3,262.2,8.6,175.5,1046.9,611.8,28,0,59.8
119,425,106.3,16.5,153.5,852.1,887.1,28,0,60.29
120,425,106.3,18.6,151.4,936,803.7,28,0,61.8
121,375,93.8,23.4,126.6,852.1,992.6,28,0,56.7
122,475,118.8,8.9,181.1,852.1,781.5,28,0,68.3
123,469,117.2,32.2,137.8,852.1,840.5,28,0,66.9
124,425,106.3,16.5,153.5,852.1,887.1,28,0,60.29
125,388.6,97.1,12.1,157.9,852.1,925.7,28,0,50.7
126,531.3,0,28.2,141.8,852.1,893.7,28,0,56.4
127,425,106.3,16.5,153.5,852.1,887.1,28,0,60.29
128,318.8,212.5,14.3,155.7,852.1,880.4,28,0,55.5
129,401.8,94.7,11.4,147.4,946.8,852.1,28,0,68.5
130,362.6,189,11.6,164.9,944.7,755.8,28,0,71.3
131,323.7,282.8,10.3,183.8,942.7,659.9,28,0,74.7
132,379.5,151.2,15.9,153.9,1134.3,605,28,0,52.2
133,362.6,189,11.6,164.9,944.7,755.8,28,0,71.3
134,286.3,200.9,11.2,144.7,1004.6,803.7,28,0,67.7
135,362.6,189,11.6,164.9,944.7,755.8,28,0,71.3
136,439,177,11.1,186,884.9,707.9,28,0,66
137,389.9,189,22,145.9,944.7,755.8,28,0,74.5
138,362.6,189,11.6,164.9,944.7,755.8,28,0,71.3
139,337.9,189,9.5,174.9,944.7,755.8,28,0,49.9
140,374,189.2,10.1,170.1,926.1,756.7,56,0,63.4
141,313.3,262.2,8.6,175.5,1046.9,611.8,56,0,64.9
142,425,106.3,16.5,153.5,852.1,887.1,56,0,64.3
143,425,106.3,18.6,151.4,936,803.7,56,0,64.9
144,375,93.8,23.4,126.6,852.1,992.6,56,0,60.2
145,475,118.8,8.9,181.1,852.1,781.5,56,0,72.3
146,469,117.2,32.2,137.8,852.1,840.5,56,0,69.3
147,425,106.3,16.5,153.5,852.1,887.1,56,0,64.3
148,388.6,97.1,12.1,157.9,852.1,925.7,56,0,55.2
149,531.3,0,28.2,141.8,852.1,893.7,56,0,58.8
150,425,106.3,16.5,153.5,852.1,887.1,56,0,64.3
151,318.8,212.5,14.3,155.7,852.1,880.4,56,0,66.1
152,401.8,94.7,11.4,147.4,946.8,852.1,56,0,73.7
153,362.6,189,11.6,164.9,944.7,755.8,56,0,77.3
154,323.7,282.8,10.3,183.8,942.7,659.9,56,0,80.2
155,379.5,151.2,15.9,153.9,1134.3,605,56,0,54.9
156,362.6,189,11.6,164.9,944.7,755.8,56,0,77.3
157,286.3,200.9,11.2,144.7,1004.6,803.7,56,0,72.99
158,362.6,189,11.6,164.9,944.7,755.8,56,0,77.3
159,439,177,11.1,186,884.9,707.9,56,0,71.7
160,389.9,189,22,145.9,944.7,755.8,56,0,79.4
161,362.6,189,11.6,164.9,944.7,755.8,56,0,77.3
162,337.9,189,9.5,174.9,944.7,755.8,56,0,59.89
163,374,189.2,10.1,170.1,926.1,756.7,91,0,64.9
164,313.3,262.2,8.6,175.5,1046.9,611.8,91,0,66.6
165,425,106.3,16.5,153.5,852.1,887.1,91,0,65.2
166,425,106.3,18.6,151.4,936,803.7,91,0,66.7
167,375,93.8,23.4,126.6,852.1,992.6,91,0,62.5
168,475,118.8,8.9,181.1,852.1,781.5,91,0,74.19
169,469,117.2,32.2,137.8,852.1,840.5,91,0,70.7
170,425,106.3,16.5,153.5,852.1,887.1,91,0,65.2
171,388.6,97.1,12.1,157.9,852.1,925.7,91,0,57.6
172,531.3,0,28.2,141.8,852.1,893.7,91,0,59.2
173,425,106.3,16.5,153.5,852.1,887.1,91,0,65.2
174,318.8,212.5,14.3,155.7,852.1,880.4,91,0,68.1
175,401.8,94.7,11.4,147.4,946.8,852.1,91,0,75.5
176,362.6,189,11.6,164.9,944.7,755.8,91,0,79.3
177,379.5,151.2,15.9,153.9,1134.3,605,91,0,56.5
178,362.6,189,11.6,164.9,944.7,755.8,91,0,79.3
179,286.3,200.9,11.2,144.7,1004.6,803.7,91,0,76.8
180,362.6,189,11.6,164.9,944.7,755.8,91,0,79.3
181,439,177,11.1,186,884.9,707.9,91,0,73.3
182,389.9,189,22,145.9,944.7,755.8,91,0,82.6
183,362.6,189,11.6,164.9,944.7,755.8,91,0,79.3
184,337.9,189,9.5,174.9,944.7,755.8,91,0,67.8
185,222.4,0,4.5,189.3,967.1,870.3,3,96.7,11.58
186,222.4,0,4.5,189.3,967.1,870.3,14,96.7,24.45
187,222.4,0,4.5,189.3,967.1,870.3,28,96.7,24.89
188,222.4,0,4.5,189.3,967.1,870.3,56,96.7,29.45
189,222.4,0,4.5,189.3,967.1,870.3,100,96.7,40.71
190,233.8,0,4.6,197.9,947,852.2,3,94.6,10.38
191,233.8,0,4.6,197.9,947,852.2,14,94.6,22.14
192,233.8,0,4.6,197.9,947,852.2,28,94.6,22.84
193,233.8,0,4.6,197.9,947,852.2,56,94.6,27.66
194,233.8,0,4.6,197.9,947,852.2,100,94.6,34.56
195,194.7,0,7.5,165.6,1006.4,905.9,3,100.5,12.45
196,194.7,0,7.5,165.6,1006.4,905.9,14,100.5,24.99
197,194.7,0,7.5,165.6,1006.4,905.9,28,100.5,25.72
198,194.7,0,7.5,165.6,1006.4,905.9,56,100.5,33.96
199,194.7,0,7.5,165.6,1006.4,905.9,100,100.5,37.34
200,190.7,0,7.8,162.1,1090,804,3,125.4,15.04
201,190.7,0,7.8,162.1,1090,804,14,125.4,21.06
202,190.7,0,7.8,162.1,1090,804,28,125.4,26.4
203,190.7,0,7.8,162.1,1090,804,56,125.4,35.34
204,190.7,0,7.8,162.1,1090,804,100,125.4,40.57
205,212.1,0,5.7,180.3,1057.6,779.3,3,121.6,12.47
206,212.1,0,5.7,180.3,1057.6,779.3,14,121.6,20.92
207,212.1,0,5.7,180.3,1057.6,779.3,28,121.6,24.9
208,212.1,0,5.7,180.3,1057.6,779.3,56,121.6,34.2
209,212.1,0,5.7,180.3,1057.6,779.3,100,121.6,39.61
210,230,0,4.6,195.5,1029.4,758.6,3,118.3,10.03
211,230,0,4.6,195.5,1029.4,758.6,14,118.3,20.08
212,230,0,4.6,195.5,1029.4,758.6,28,118.3,24.48
213,230,0,4.6,195.5,1029.4,758.6,56,118.3,31.54
214,230,0,4.6,195.5,1029.4,758.6,100,118.3,35.34
215,190.3,0,9.9,161.9,1088.1,802.6,3,125.2,9.45
216,190.3,0,9.9,161.9,1088.1,802.6,14,125.2,22.72
217,190.3,0,9.9,161.9,1088.1,802.6,28,125.2,28.47
218,190.3,0,9.9,161.9,1088.1,802.6,56,125.2,38.56
219,190.3,0,9.9,161.9,1088.1,802.6,100,125.2,40.39
220,166.1,0,4.5,176.5,1058.6,780.1,3,163.3,10.76
221,166.1,0,4.5,176.5,1058.6,780.1,14,163.3,25.48
222,166.1,0,4.5,176.5,1058.6,780.1,28,163.3,21.54
223,166.1,0,4.5,176.5,1058.6,780.1,56,163.3,28.63
224,166.1,0,4.5,176.5,1058.6,780.1,100,163.3,33.54
225,168,42.1,5.7,121.8,1058.7,780.1,3,163.8,7.75
226,168,42.1,5.7,121.8,1058.7,780.1,14,163.8,17.82
227,168,42.1,5.7,121.8,1058.7,780.1,28,163.8,24.24
228,168,42.1,5.7,121.8,1058.7,780.1,56,163.8,32.85
229,168,42.1,5.7,121.8,1058.7,780.1,100,163.8,39.23
230,213.7,98.1,6.9,181.7,1065.8,785.4,3,24.5,18
231,213.7,98.1,6.9,181.7,1065.8,785.4,14,24.5,30.39
232,213.7,98.1,6.9,181.7,1065.8,785.4,28,24.5,45.71
233,213.7,98.1,6.9,181.7,1065.8,785.4,56,24.5,50.77
234,213.7,98.1,6.9,181.7,1065.8,785.4,100,24.5,53.9
235,213.8,98.1,6.7,181.7,1066,785.5,3,24.5,13.18
236,213.8,98.1,6.7,181.7,1066,785.5,14,24.5,17.84
237,213.8,98.1,6.7,181.7,1066,785.5,28,24.5,40.23
238,213.8,98.1,6.7,181.7,1066,785.5,56,24.5,47.13
239,213.8,98.1,6.7,181.7,1066,785.5,100,24.5,49.97
240,229.7,0,6.1,195.2,1028.1,757.6,3,118.2,13.36
241,229.7,0,6.1,195.2,1028.1,757.6,14,118.2,22.32
242,229.7,0,6.1,195.2,1028.1,757.6,28,118.2,24.54
243,229.7,0,6.1,195.2,1028.1,757.6,56,118.2,31.35
244,229.7,0,6.1,195.2,1028.1,757.6,100,118.2,40.86
245,238.1,0,7,186.7,949.9,847,3,94.1,19.93
246,238.1,0,7,186.7,949.9,847,14,94.1,25.69
247,238.1,0,7,186.7,949.9,847,28,94.1,30.23
248,238.1,0,7,186.7,949.9,847,56,94.1,39.59
249,238.1,0,7,186.7,949.9,847,100,94.1,44.3
250,250,0,5.5,187.4,956.9,861.2,3,95.7,13.82
251,250,0,5.5,187.4,956.9,861.2,14,95.7,24.92
252,250,0,5.5,187.4,956.9,861.2,28,95.7,29.22
253,250,0,5.5,187.4,956.9,861.2,56,95.7,38.33
254,250,0,5.5,187.4,956.9,861.2,100,95.7,42.35
255,212.5,0,8.7,159.3,1007.8,903.6,3,100.4,13.54
256,212.5,0,8.7,159.3,1007.8,903.6,14,100.4,26.31
257,212.5,0,8.7,159.3,1007.8,903.6,28,100.4,31.64
258,212.5,0,8.7,159.3,1007.8,903.6,56,100.4,42.55
259,212.5,0,8.7,159.3,1007.8,903.6,100,100.4,42.92
260,212.6,0,10.4,159.4,1003.8,903.8,3,100.4,13.33
261,212.6,0,10.4,159.4,1003.8,903.8,14,100.4,25.37
262,212.6,0,10.4,159.4,1003.8,903.8,28,100.4,37.4
263,212.6,0,10.4,159.4,1003.8,903.8,56,100.4,44.4
264,212.6,0,10.4,159.4,1003.8,903.8,100,100.4,47.74
265,212,0,7.8,159,1085.4,799.5,3,124.8,19.52
266,212,0,7.8,159,1085.4,799.5,14,124.8,31.35
267,212,0,7.8,159,1085.4,799.5,28,124.8,38.5
268,212,0,7.8,159,1085.4,799.5,56,124.8,45.08
269,212,0,7.8,159,1085.4,799.5,100,124.8,47.82
270,231.8,0,6.7,174,1056.4,778.5,3,121.6,15.44
271,231.8,0,6.7,174,1056.4,778.5,14,121.6,26.77
272,231.8,0,6.7,174,1056.4,778.5,28,121.6,33.73
273,231.8,0,6.7,174,1056.4,778.5,56,121.6,42.7
274,231.8,0,6.7,174,1056.4,778.5,100,121.6,45.84
275,251.4,0,5.8,188.5,1028.4,757.7,3,118.3,17.22
276,251.4,0,5.8,188.5,1028.4,757.7,14,118.3,29.93
277,251.4,0,5.8,188.5,1028.4,757.7,28,118.3,29.65
278,251.4,0,5.8,188.5,1028.4,757.7,56,118.3,36.97
279,251.4,0,5.8,188.5,1028.4,757.7,100,118.3,43.58
280,251.4,0,6.4,188.5,1028.4,757.7,3,118.3,13.12
281,251.4,0,6.4,188.5,1028.4,757.7,14,118.3,24.43
282,251.4,0,6.4,188.5,1028.4,757.7,28,118.3,32.66
283,251.4,0,6.4,188.5,1028.4,757.7,56,118.3,36.64
284,251.4,0,6.4,188.5,1028.4,757.7,100,118.3,44.21
285,181.4,0,7.6,169.6,1055.6,777.8,3,167,13.62
286,181.4,0,7.6,169.6,1055.6,777.8,14,167,21.6
287,181.4,0,7.6,169.6,1055.6,777.8,28,167,27.77
288,181.4,0,7.6,169.6,1055.6,777.8,56,167,35.57
289,181.4,0,7.6,169.6,1055.6,777.8,100,167,45.37
290,182,45.2,8.2,170.2,1059.4,780.7,3,122,7.32
291,182,45.2,8.2,170.2,1059.4,780.7,14,122,21.5
292,182,45.2,8.2,170.2,1059.4,780.7,28,122,31.27
293,182,45.2,8.2,170.2,1059.4,780.7,56,122,43.5
294,182,45.2,8.2,170.2,1059.4,780.7,100,122,48.67
295,168.9,42.2,10.8,158.3,1080.8,796.2,3,124.3,7.4
296,168.9,42.2,10.8,158.3,1080.8,796.2,14,124.3,23.51
297,168.9,42.2,10.8,158.3,1080.8,796.2,28,124.3,31.12
298,168.9,42.2,10.8,158.3,1080.8,796.2,56,124.3,39.15
299,168.9,42.2,10.8,158.3,1080.8,796.2,100,124.3,48.15
300,290.4,0,9.4,168.1,961.2,865,3,96.2,22.5
301,290.4,0,9.4,168.1,961.2,865,14,96.2,34.67
302,290.4,0,9.4,168.1,961.2,865,28,96.2,34.74
303,290.4,0,9.4,168.1,961.2,865,56,96.2,45.08
304,290.4,0,9.4,168.1,961.2,865,100,96.2,48.97
305,277.1,0,11.8,160.6,973.9,875.6,3,97.4,23.14
306,277.1,0,11.8,160.6,973.9,875.6,14,97.4,41.89
307,277.1,0,11.8,160.6,973.9,875.6,28,97.4,48.28
308,277.1,0,11.8,160.6,973.9,875.6,56,97.4,51.04
309,277.1,0,11.8,160.6,973.9,875.6,100,97.4,55.64
310,295.7,0,8.9,171.5,955.1,859.2,3,95.6,22.95
311,295.7,0,8.9,171.5,955.1,859.2,14,95.6,35.23
312,295.7,0,8.9,171.5,955.1,859.2,28,95.6,39.94
313,295.7,0,8.9,171.5,955.1,859.2,56,95.6,48.72
314,295.7,0,8.9,171.5,955.1,859.2,100,95.6,52.04
315,251.8,0,12.4,146.1,1006,899.8,3,99.9,21.02
316,251.8,0,12.4,146.1,1006,899.8,14,99.9,33.36
317,251.8,0,12.4,146.1,1006,899.8,28,99.9,33.94
318,251.8,0,12.4,146.1,1006,899.8,56,99.9,44.14
319,251.8,0,12.4,146.1,1006,899.8,100,99.9,45.37
320,249.1,0,12.8,158.1,987.8,889,3,98.8,15.36
321,249.1,0,12.8,158.1,987.8,889,14,98.8,28.68
322,249.1,0,12.8,158.1,987.8,889,28,98.8,30.85
323,249.1,0,12.8,158.1,987.8,889,56,98.8,42.03
324,249.1,0,12.8,158.1,987.8,889,100,98.8,51.06
325,252.3,0,14.2,146.3,987.8,889,3,98.8,21.78
326,252.3,0,14.2,146.3,987.8,889,14,98.8,42.29
327,252.3,0,14.2,146.3,987.8,889,28,98.8,50.6
328,252.3,0,14.2,146.3,987.8,889,56,98.8,55.83
329,252.3,0,14.2,146.3,987.8,889,100,98.8,60.95
330,246.8,0,12,143.3,1086.8,800.9,3,125.1,23.52
331,246.8,0,12,143.3,1086.8,800.9,14,125.1,42.22
332,246.8,0,12,143.3,1086.8,800.9,28,125.1,52.5
333,246.8,0,12,143.3,1086.8,800.9,56,125.1,60.32
334,246.8,0,12,143.3,1086.8,800.9,100,125.1,66.42
335,275.1,0,9.9,159.5,1053.6,777.5,3,121.4,23.8
336,275.1,0,9.9,159.5,1053.6,777.5,14,121.4,38.77
337,275.1,0,9.9,159.5,1053.6,777.5,28,121.4,51.33
338,275.1,0,9.9,159.5,1053.6,777.5,56,121.4,56.85
339,275.1,0,9.9,159.5,1053.6,777.5,100,121.4,58.61
340,297.2,0,9.5,174.8,1022.8,753.5,3,117.5,21.91
341,297.2,0,9.5,174.8,1022.8,753.5,14,117.5,36.99
342,297.2,0,9.5,174.8,1022.8,753.5,28,117.5,47.4
343,297.2,0,9.5,174.8,1022.8,753.5,56,117.5,51.96
344,297.2,0,9.5,174.8,1022.8,753.5,100,117.5,56.74
345,213.7,0,10.2,154.8,1053.5,776.4,3,174.7,17.57
346,213.7,0,10.2,154.8,1053.5,776.4,14,174.7,33.73
347,213.7,0,10.2,154.8,1053.5,776.4,28,174.7,40.15
348,213.7,0,10.2,154.8,1053.5,776.4,56,174.7,46.64
349,213.7,0,10.2,154.8,1053.5,776.4,100,174.7,50.08
350,213.5,0,11.7,154.6,1052.3,775.5,3,174.2,17.37
351,213.5,0,11.7,154.6,1052.3,775.5,14,174.2,33.7
352,213.5,0,11.7,154.6,1052.3,775.5,28,174.2,45.94
353,213.5,0,11.7,154.6,1052.3,775.5,56,174.2,51.43
354,213.5,0,11.7,154.6,1052.3,775.5,100,174.2,59.3
355,277.2,97.8,11.2,160.7,1061.7,782.5,3,24.5,30.45
356,277.2,97.8,11.2,160.7,1061.7,782.5,14,24.5,47.71
357,277.2,97.8,11.2,160.7,1061.7,782.5,28,24.5,63.14
358,277.2,97.8,11.2,160.7,1061.7,782.5,56,24.5,66.82
359,277.2,97.8,11.2,160.7,1061.7,782.5,100,24.5,66.95
360,218.2,54.6,11.9,140.8,1075.7,792.7,3,123.8,27.42
361,218.2,54.6,11.9,140.8,1075.7,792.7,14,123.8,35.96
362,218.2,54.6,11.9,140.8,1075.7,792.7,28,123.8,55.51
363,218.2,54.6,11.9,140.8,1075.7,792.7,56,123.8,61.99
364,218.2,54.6,11.9,140.8,1075.7,792.7,100,123.8,63.53
365,214.9,53.8,9.6,155.6,1014.3,780.6,3,121.9,18.02
366,214.9,53.8,9.6,155.6,1014.3,780.6,14,121.9,38.6
367,214.9,53.8,9.6,155.6,1014.3,780.6,28,121.9,52.2
368,214.9,53.8,9.6,155.6,1014.3,780.6,56,121.9,53.96
369,214.9,53.8,9.6,155.6,1014.3,780.6,100,121.9,56.63
370,218.9,0,11.3,158.5,1078.7,794.9,3,124.1,15.34
371,218.9,0,11.3,158.5,1078.7,794.9,14,124.1,26.05
372,218.9,0,11.3,158.5,1078.7,794.9,28,124.1,30.22
373,218.9,0,11.3,158.5,1078.7,794.9,56,124.1,37.27
374,218.9,0,11.3,158.5,1078.7,794.9,100,124.1,46.23
375,376,0,0,214.6,1003.5,762.4,3,0,16.28
376,376,0,0,214.6,1003.5,762.4,14,0,25.62
377,376,0,0,214.6,1003.5,762.4,28,0,31.97
378,376,0,0,214.6,1003.5,762.4,56,0,36.3
379,376,0,0,214.6,1003.5,762.4,100,0,43.06
380,500,0,4,140,966,853,28,0,67.57
381,475,0,1.9,142,1098,641,28,59,57.23
382,315,137,5.9,145,1130,745,28,0,81.75
383,505,0,0,195,1030,630,28,60,64.02
384,451,0,11.3,165,1030,745,28,0,78.8
385,516,0,8.2,162,801,802,28,0,41.37
386,520,0,5.2,170,855,855,28,0,60.28
387,528,0,6.9,185,920,720,28,0,56.83
388,520,0,5.2,175,870,805,28,0,51.02
389,385,0,20,158,903,768,28,136,55.55
390,500.1,0,3,200,1124.4,613.2,28,0,44.13
391,450.1,50,3,200,1124.4,613.2,28,0,39.38
392,397,17.2,20.8,167,967,633,28,158,55.65
393,333,17.5,17.9,167,996,652,28,163,47.28
394,334,17.6,15.3,189,967,633,28,158,44.33
395,405,0,0,175,1120,695,28,0,52.3
396,200,200,0,190,1145,660,28,0,49.25
397,516,0,8.3,162,801,802,28,0,41.37
398,145,116,5.7,184,833,880,28,119,29.16
399,160,128,6.4,182,824,879,28,122,39.4
400,234,156,5.9,189,981,760,28,0,39.3
401,250,180,9.5,159,860,800,28,95,67.87
402,475,0,9.5,162,1044,662,28,0,58.52
403,285,190,7.6,163,1031,685,28,0,53.58
404,356,119,9,160,1061,657,28,0,59
405,275,180,10.4,162,830,765,28,120,76.24
406,500,0,9,151,1033,655,28,0,69.84
407,165,0,0,163.8,1005.6,900.9,3,143.6,14.4
408,165,128.5,8.1,175.1,1005.8,746.6,3,132.1,19.42
409,178,129.8,3.6,179.9,1007.3,746.8,3,118.6,20.73
410,167.4,129.9,7.8,175.5,1006.3,746.6,3,128.6,14.94
411,172.4,13.6,4.1,156.8,1006.3,856.4,3,172.4,21.29
412,173.5,50.1,6.5,164.8,1006.2,793.5,3,173.5,23.08
413,167,75.4,7.9,164,1007.3,770.1,3,167,15.52
414,173.8,93.4,9.7,172.3,1007.2,746.6,3,159.9,15.82
415,190.3,0,9.9,166.6,1079,798.9,3,125.2,12.55
416,250,0,5.3,191.8,948.9,857.2,3,95.7,8.49
417,213.5,0,11.7,159.2,1043.6,771.9,3,174.2,15.61
418,194.7,0,7.5,170.2,998,901.8,3,100.5,12.18
419,251.4,0,5.8,192.9,1043.6,754.3,3,118.3,11.98
420,165,0,0,163.8,1005.6,900.9,14,143.6,16.88
421,165,128.5,8.1,175.1,1005.8,746.6,14,132.1,33.09
422,178,129.8,3.6,179.9,1007.3,746.8,14,118.6,34.24
423,167.4,129.9,7.8,175.5,1006.3,746.6,14,128.6,31.81
424,172.4,13.6,4.1,156.8,1006.3,856.4,14,172.4,29.75
425,173.5,50.1,6.5,164.8,1006.2,793.5,14,173.5,33.01
426,167,75.4,7.9,164,1007.3,770.1,14,167,32.9
427,173.8,93.4,9.7,172.3,1007.2,746.6,14,159.9,29.55
428,190.3,0,9.9,166.6,1079,798.9,14,125.2,19.42
429,250,0,5.3,191.8,948.9,857.2,14,95.7,24.66
430,213.5,0,11.7,159.2,1043.6,771.9,14,174.2,29.59
431,194.7,0,7.5,170.2,998,901.8,14,100.5,24.28
432,251.4,0,5.8,192.9,1043.6,754.3,14,118.3,20.73
433,165,0,0,163.8,1005.6,900.9,28,143.6,26.2
434,165,128.5,8.1,175.1,1005.8,746.6,28,132.1,46.39
435,178,129.8,3.6,179.9,1007.3,746.8,28,118.6,39.16
436,167.4,129.9,7.8,175.5,1006.3,746.6,28,128.6,41.2
437,172.4,13.6,4.1,156.8,1006.3,856.4,28,172.4,33.69
438,173.5,50.1,6.5,164.8,1006.2,793.5,28,173.5,38.2
439,167,75.4,7.9,164,1007.3,770.1,28,167,41.41
440,173.8,93.4,9.7,172.3,1007.2,746.6,28,159.9,37.81
441,190.3,0,9.9,166.6,1079,798.9,28,125.2,24.85
442,250,0,5.3,191.8,948.9,857.2,28,95.7,27.22
443,213.5,0,11.7,159.2,1043.6,771.9,28,174.2,44.64
444,194.7,0,7.5,170.2,998,901.8,28,100.5,37.27
445,251.4,0,5.8,192.9,1043.6,754.3,28,118.3,33.27
446,165,0,0,163.8,1005.6,900.9,56,143.6,36.56
447,165,128.5,8.1,175.1,1005.8,746.6,56,132.1,53.72
448,178,129.8,3.6,179.9,1007.3,746.8,56,118.6,48.59
449,167.4,129.9,7.8,175.5,1006.3,746.6,56,128.6,51.72
450,172.4,13.6,4.1,156.8,1006.3,856.4,56,172.4,35.85
451,173.5,50.1,6.5,164.8,1006.2,793.5,56,173.5,53.77
452,167,75.4,7.9,164,1007.3,770.1,56,167,53.46
453,173.8,93.4,9.7,172.3,1007.2,746.6,56,159.9,48.99
454,190.3,0,9.9,166.6,1079,798.9,56,125.2,31.72
455,250,0,5.3,191.8,948.9,857.2,56,95.7,39.64
456,213.5,0,11.7,159.2,1043.6,771.9,56,174.2,51.26
457,194.7,0,7.5,170.2,998,901.8,56,100.5,43.39
458,251.4,0,5.8,192.9,1043.6,754.3,56,118.3,39.27
459,165,0,0,163.8,1005.6,900.9,100,143.6,37.96
460,165,128.5,8.1,175.1,1005.8,746.6,100,132.1,55.02
461,178,129.8,3.6,179.9,1007.3,746.8,100,118.6,49.99
462,167.4,129.9,7.8,175.5,1006.3,746.6,100,128.6,53.66
463,172.4,13.6,4.1,156.8,1006.3,856.4,100,172.4,37.68
464,173.5,50.1,6.5,164.8,1006.2,793.5,100,173.5,56.06
465,167,75.4,7.9,164,1007.3,770.1,100,167,56.81
466,173.8,93.4,9.7,172.3,1007.2,746.6,100,159.9,50.94
467,190.3,0,9.9,166.6,1079,798.9,100,125.2,33.56
468,250,0,5.3,191.8,948.9,857.2,100,95.7,41.16
469,213.5,0,11.7,159.2,1043.6,771.9,100,174.2,52.96
470,194.7,0,7.5,170.2,998,901.8,100,100.5,44.28
471,251.4,0,5.8,192.9,1043.6,754.3,100,118.3,40.15
472,446,24,11.6,162,967,712,28,79,57.03
473,446,24,11.6,162,967,712,28,79,44.42
474,446,24,11.6,162,967,712,28,79,51.02
475,446,24,10.3,162,967,712,28,79,53.39
476,446,24,11.6,162,967,712,3,79,35.36
477,446,24,11.6,162,967,712,3,79,25.02
478,446,24,11.6,162,967,712,3,79,23.35
479,446,24,11.6,162,967,712,7,79,52.01
480,446,24,11.6,162,967,712,7,79,38.02
481,446,24,11.6,162,967,712,7,79,39.3
482,446,24,11.6,162,967,712,56,79,61.07
483,446,24,11.6,162,967,712,56,79,56.14
484,446,24,11.6,162,967,712,56,79,55.25
485,446,24,10.3,162,967,712,56,79,54.77
486,387,20,14.3,157,938,845,28,94,50.24
487,387,20,13.9,157,938,845,28,94,46.68
488,387,20,11.6,157,938,845,28,94,46.68
489,387,20,14.3,157,938,845,3,94,22.75
490,387,20,13.9,157,938,845,3,94,25.51
491,387,20,11.6,157,938,845,3,94,34.77
492,387,20,14.3,157,938,845,7,94,36.84
493,387,20,13.9,157,938,845,7,94,45.9
494,387,20,11.6,157,938,845,7,94,41.67
495,387,20,14.3,157,938,845,56,94,56.34
496,387,20,13.9,157,938,845,56,94,47.97
497,387,20,11.6,157,938,845,56,94,61.46
498,355,19,13.1,145,967,871,28,97,44.03
499,355,19,12.3,145,967,871,28,97,55.45
500,491,26,3.9,210,882,699,28,123,55.55
501,491,26,3.9,201,822,699,28,123,57.92
502,491,26,3.9,210,882,699,3,123,25.61
503,491,26,3.9,210,882,699,7,123,33.49
504,491,26,3.9,210,882,699,56,123,59.59
505,491,26,3.9,201,822,699,3,123,29.55
506,491,26,3.9,201,822,699,7,123,37.92
507,491,26,3.9,201,822,699,56,123,61.86
508,424,22,8.5,178,822,750,28,132,62.05
509,424,22,8.5,178,882,750,3,132,32.01
510,424,22,8.9,168,822,750,28,132,72.1
511,424,22,8.5,178,822,750,7,132,39
512,424,22,8.5,178,822,750,56,132,65.7
513,424,22,8.9,168,822,750,3,132,32.11
514,424,22,8.9,168,822,750,7,132,40.29
515,424,22,8.9,168,822,750,56,132,74.36
516,202,11,1.7,206,942,801,28,141,21.97
517,202,11,1.7,206,942,801,3,141,9.85
518,202,11,1.7,206,942,801,7,141,15.07
519,202,11,1.7,206,942,801,56,141,23.25
520,284,15,5.5,179,842,801,28,141,43.73
521,284,15,5.5,179,842,801,3,141,13.4
522,284,15,5.5,179,842,801,7,141,24.13
523,284,15,5.5,179,842,801,56,141,44.52
524,359,19,10.9,154,942,801,28,141,62.94
525,359,19,10.9,154,942,801,28,141,59.49
526,359,19,10.9,154,942,801,3,141,25.12
527,359,19,10.9,154,942,801,3,141,23.64
528,359,19,10.9,154,942,801,7,141,35.75
529,359,19,10.9,154,942,801,7,141,38.61
530,359,19,10.9,154,942,801,56,141,68.75
531,359,19,10.9,154,942,801,56,141,66.78
532,436,0,0,218,838.4,719.7,28,0,23.85
533,289,0,0,192,913.2,895.3,90,0,32.07
534,289,0,0,192,913.2,895.3,3,0,11.65
535,393,0,0,192,940.6,785.6,3,0,19.2
536,393,0,0,192,940.6,785.6,90,0,48.85
537,393,0,0,192,940.6,785.6,28,0,39.6
538,480,0,0,192,936.2,712.2,28,0,43.94
539,480,0,0,192,936.2,712.2,7,0,34.57
540,480,0,0,192,936.2,712.2,90,0,54.32
541,480,0,0,192,936.2,712.2,3,0,24.4
542,333,0,0,192,931.2,842.6,3,0,15.62
543,255,0,0,192,889.8,945,90,0,21.86
544,255,0,0,192,889.8,945,7,0,10.22
545,289,0,0,192,913.2,895.3,7,0,14.6
546,255,0,0,192,889.8,945,28,0,18.75
547,333,0,0,192,931.2,842.6,28,0,31.97
548,333,0,0,192,931.2,842.6,7,0,23.4
549,289,0,0,192,913.2,895.3,28,0,25.57
550,333,0,0,192,931.2,842.6,90,0,41.68
551,393,0,0,192,940.6,785.6,7,0,27.74
552,255,0,0,192,889.8,945,3,0,8.2
553,158.8,238.2,0,185.7,1040.6,734.3,7,0,9.62
554,239.6,359.4,0,185.7,941.6,664.3,7,0,25.42
555,238.2,158.8,0,185.7,1040.6,734.3,7,0,15.69
556,181.9,272.8,0,185.7,1012.4,714.3,28,0,27.94
557,193.5,290.2,0,185.7,998.2,704.3,28,0,32.63
558,255.5,170.3,0,185.7,1026.6,724.3,7,0,17.24
559,272.8,181.9,0,185.7,1012.4,714.3,7,0,19.77
560,239.6,359.4,0,185.7,941.6,664.3,28,0,39.44
561,220.8,147.2,0,185.7,1055,744.3,28,0,25.75
562,397,0,0,185.7,1040.6,734.3,28,0,33.08
563,382.5,0,0,185.7,1047.8,739.3,7,0,24.07
564,210.7,316.1,0,185.7,977,689.3,7,0,21.82
565,158.8,238.2,0,185.7,1040.6,734.3,28,0,21.07
566,295.8,0,0,185.7,1091.4,769.3,7,0,14.84
567,255.5,170.3,0,185.7,1026.6,724.3,28,0,32.05
568,203.5,135.7,0,185.7,1076.2,759.3,7,0,11.96
569,397,0,0,185.7,1040.6,734.3,7,0,25.45
570,381.4,0,0,185.7,1104.6,784.3,28,0,22.49
571,295.8,0,0,185.7,1091.4,769.3,28,0,25.22
572,228,342.1,0,185.7,955.8,674.3,28,0,39.7
573,220.8,147.2,0,185.7,1055,744.3,7,0,13.09
574,316.1,210.7,0,185.7,977,689.3,28,0,38.7
575,135.7,203.5,0,185.7,1076.2,759.3,7,0,7.51
576,238.1,0,0,185.7,1118.8,789.3,28,0,17.58
577,339.2,0,0,185.7,1069.2,754.3,7,0,21.18
578,135.7,203.5,0,185.7,1076.2,759.3,28,0,18.2
579,193.5,290.2,0,185.7,998.2,704.3,7,0,17.2
580,203.5,135.7,0,185.7,1076.2,759.3,28,0,22.63
581,290.2,193.5,0,185.7,998.2,704.3,7,0,21.86
582,181.9,272.8,0,185.7,1012.4,714.3,7,0,12.37
583,170.3,155.5,0,185.7,1026.6,724.3,28,0,25.73
584,210.7,316.1,0,185.7,977,689.3,28,0,37.81
585,228,342.1,0,185.7,955.8,674.3,7,0,21.92
586,290.2,193.5,0,185.7,998.2,704.3,28,0,33.04
587,381.4,0,0,185.7,1104.6,784.3,7,0,14.54
588,238.2,158.8,0,185.7,1040.6,734.3,28,0,26.91
589,186.2,124.1,0,185.7,1083.4,764.3,7,0,8
590,339.2,0,0,185.7,1069.2,754.3,28,0,31.9
591,238.1,0,0,185.7,1118.8,789.3,7,0,10.34
592,252.5,0,0,185.7,1111.6,784.3,28,0,19.77
593,382.5,0,0,185.7,1047.8,739.3,28,0,37.44
594,252.5,0,0,185.7,1111.6,784.3,7,0,11.48
595,316.1,210.7,0,185.7,977,689.3,7,0,24.44
596,186.2,124.1,0,185.7,1083.4,764.3,28,0,17.6
597,170.3,155.5,0,185.7,1026.6,724.3,7,0,10.73
598,272.8,181.9,0,185.7,1012.4,714.3,28,0,31.38
599,339,0,0,197,968,781,3,0,13.22
600,339,0,0,197,968,781,7,0,20.97
601,339,0,0,197,968,781,14,0,27.04
602,339,0,0,197,968,781,28,0,32.04
603,339,0,0,197,968,781,90,0,35.17
604,339,0,0,197,968,781,180,0,36.45
605,339,0,0,197,968,781,365,0,38.89
606,236,0,0,194,968,885,3,0,6.47
607,236,0,0,194,968,885,14,0,12.84
608,236,0,0,194,968,885,28,0,18.42
609,236,0,0,194,968,885,90,0,21.95
610,236,0,0,193,968,885,180,0,24.1
611,236,0,0,193,968,885,365,0,25.08
612,277,0,0,191,968,856,14,0,21.26
613,277,0,0,191,968,856,28,0,25.97
614,277,0,0,191,968,856,3,0,11.36
615,277,0,0,191,968,856,90,0,31.25
616,277,0,0,191,968,856,180,0,32.33
617,277,0,0,191,968,856,360,0,33.7
618,254,0,0,198,968,863,3,0,9.31
619,254,0,0,198,968,863,90,0,26.94
620,254,0,0,198,968,863,180,0,27.63
621,254,0,0,198,968,863,365,0,29.79
622,307,0,0,193,968,812,180,0,34.49
623,307,0,0,193,968,812,365,0,36.15
624,307,0,0,193,968,812,3,0,12.54
625,307,0,0,193,968,812,28,0,27.53
626,307,0,0,193,968,812,90,0,32.92
627,236,0,0,193,968,885,7,0,9.99
628,200,0,0,180,1125,845,7,0,7.84
629,200,0,0,180,1125,845,28,0,12.25
630,225,0,0,181,1113,833,7,0,11.17
631,225,0,0,181,1113,833,28,0,17.34
632,325,0,0,184,1063,783,7,0,17.54
633,325,0,0,184,1063,783,28,0,30.57
634,275,0,0,183,1088,808,7,0,14.2
635,275,0,0,183,1088,808,28,0,24.5
636,300,0,0,184,1075,795,7,0,15.58
637,300,0,0,184,1075,795,28,0,26.85
638,375,0,0,186,1038,758,7,0,26.06
639,375,0,0,186,1038,758,28,0,38.21
640,400,0,0,187,1025,745,28,0,43.7
641,400,0,0,187,1025,745,7,0,30.14
642,250,0,0,182,1100,820,7,0,12.73
643,250,0,0,182,1100,820,28,0,20.87
644,350,0,0,186,1050,770,7,0,20.28
645,350,0,0,186,1050,770,28,0,34.29
646,203.5,305.3,0,203.5,963.4,630,7,0,19.54
647,250.2,166.8,0,203.5,977.6,694.1,90,0,47.71
648,157,236,0,192,935.4,781.2,90,0,43.38
649,141.3,212,0,203.5,971.8,748.5,28,0,29.89
650,166.8,250.2,0,203.5,975.6,692.6,3,0,6.9
651,122.6,183.9,0,203.5,958.2,800.1,90,0,33.19
652,183.9,122.6,0,203.5,959.2,800,3,0,4.9
653,102,153,0,192,887,942,3,0,4.57
654,102,153,0,192,887,942,90,0,25.46
655,122.6,183.9,0,203.5,958.2,800.1,28,0,24.29
656,166.8,250.2,0,203.5,975.6,692.6,28,0,33.95
657,200,133,0,192,965.4,806.2,3,0,11.41
658,108.3,162.4,0,203.5,938.2,849,28,0,20.59
659,305.3,203.5,0,203.5,965.4,631,7,0,25.89
660,108.3,162.4,0,203.5,938.2,849,90,0,29.23
661,116,173,0,192,909.8,891.9,90,0,31.02
662,141.3,212,0,203.5,971.8,748.5,7,0,10.39
663,157,236,0,192,935.4,781.2,28,0,33.66
664,133,200,0,192,927.4,839.2,28,0,27.87
665,250.2,166.8,0,203.5,977.6,694.1,7,0,19.35
666,173,116,0,192,946.8,856.8,7,0,11.39
667,192,288,0,192,929.8,716.1,3,0,12.79
668,192,288,0,192,929.8,716.1,28,0,39.32
669,153,102,0,192,888,943.1,3,0,4.78
670,288,192,0,192,932,717.8,3,0,16.11
671,305.3,203.5,0,203.5,965.4,631,28,0,43.38
672,236,157,0,192,972.6,749.1,7,0,20.42
673,173,116,0,192,946.8,856.8,3,0,6.94
674,212,141.3,0,203.5,973.4,750,7,0,15.03
675,236,157,0,192,972.6,749.1,3,0,13.57
676,183.9,122.6,0,203.5,959.2,800,90,0,32.53
677,166.8,250.2,0,203.5,975.6,692.6,7,0,15.75
678,102,153,0,192,887,942,7,0,7.68
679,288,192,0,192,932,717.8,28,0,38.8
680,212,141.3,0,203.5,973.4,750,28,0,33
681,102,153,0,192,887,942,28,0,17.28
682,173,116,0,192,946.8,856.8,28,0,24.28
683,183.9,122.6,0,203.5,959.2,800,28,0,24.05
684,133,200,0,192,927.4,839.2,90,0,36.59
685,192,288,0,192,929.8,716.1,90,0,50.73
686,133,200,0,192,927.4,839.2,7,0,13.66
687,305.3,203.5,0,203.5,965.4,631,3,0,14.14
688,236,157,0,192,972.6,749.1,90,0,47.78
689,108.3,162.4,0,203.5,938.2,849,3,0,2.33
690,157,236,0,192,935.4,781.2,7,0,16.89
691,288,192,0,192,932,717.8,7,0,23.52
692,212,141.3,0,203.5,973.4,750,3,0,6.81
693,212,141.3,0,203.5,973.4,750,90,0,39.7
694,153,102,0,192,888,943.1,28,0,17.96
695,236,157,0,192,972.6,749.1,28,0,32.88
696,116,173,0,192,909.8,891.9,28,0,22.35
697,183.9,122.6,0,203.5,959.2,800,7,0,10.79
698,108.3,162.4,0,203.5,938.2,849,7,0,7.72
699,203.5,305.3,0,203.5,963.4,630,28,0,41.68
700,203.5,305.3,0,203.5,963.4,630,3,0,9.56
701,133,200,0,192,927.4,839.2,3,0,6.88
702,288,192,0,192,932,717.8,90,0,50.53
703,200,133,0,192,965.4,806.2,7,0,17.17
704,200,133,0,192,965.4,806.2,28,0,30.44
705,250.2,166.8,0,203.5,977.6,694.1,3,0,9.73
706,122.6,183.9,0,203.5,958.2,800.1,3,0,3.32
707,153,102,0,192,888,943.1,90,0,26.32
708,200,133,0,192,965.4,806.2,90,0,43.25
709,116,173,0,192,909.8,891.9,3,0,6.28
710,173,116,0,192,946.8,856.8,90,0,32.1
711,250.2,166.8,0,203.5,977.6,694.1,28,0,36.96
712,305.3,203.5,0,203.5,965.4,631,90,0,54.6
713,192,288,0,192,929.8,716.1,7,0,21.48
714,157,236,0,192,935.4,781.2,3,0,9.69
715,153,102,0,192,888,943.1,7,0,8.37
716,141.3,212,0,203.5,971.8,748.5,90,0,39.66
717,116,173,0,192,909.8,891.9,7,0,10.09
718,141.3,212,0,203.5,971.8,748.5,3,0,4.83
719,122.6,183.9,0,203.5,958.2,800.1,7,0,10.35
720,166.8,250.2,0,203.5,975.6,692.6,90,0,43.57
721,203.5,305.3,0,203.5,963.4,630,90,0,51.86
722,310,0,0,192,1012,830,3,0,11.85
723,310,0,0,192,1012,830,7,0,17.24
724,310,0,0,192,1012,830,28,0,27.83
725,310,0,0,192,1012,830,90,0,35.76
726,310,0,0,192,1012,830,120,0,38.7
727,331,0,0,192,1025,821,3,0,14.31
728,331,0,0,192,1025,821,7,0,17.44
729,331,0,0,192,1025,821,28,0,31.74
730,331,0,0,192,1025,821,90,0,37.91
731,331,0,0,192,1025,821,120,0,39.38
732,349,0,0,192,1056,809,3,0,15.87
733,349,0,0,192,1056,809,7,0,9.01
734,349,0,0,192,1056,809,28,0,33.61
735,349,0,0,192,1056,809,90,0,40.66
736,349,0,0,192,1056,809,120,0,40.86
737,238,0,0,186,1119,789,7,0,12.05
738,238,0,0,186,1119,789,28,0,17.54
739,296,0,0,186,1090,769,7,0,18.91
740,296,0,0,186,1090,769,28,0,25.18
741,297,0,0,186,1040,734,7,0,30.96
742,480,0,0,192,936,721,28,0,43.89
743,480,0,0,192,936,721,90,0,54.28
744,397,0,0,186,1040,734,28,0,36.94
745,281,0,0,186,1104,774,7,0,14.5
746,281,0,0,185,1104,774,28,0,22.44
747,500,0,0,200,1125,613,1,0,12.64
748,500,0,0,200,1125,613,3,0,26.06
749,500,0,0,200,1125,613,7,0,33.21
750,500,0,0,200,1125,613,14,0,36.94
751,500,0,0,200,1125,613,28,0,44.09
752,540,0,0,173,1125,613,7,0,52.61
753,540,0,0,173,1125,613,14,0,59.76
754,540,0,0,173,1125,613,28,0,67.31
755,540,0,0,173,1125,613,90,0,69.66
756,540,0,0,173,1125,613,180,0,71.62
757,540,0,0,173,1125,613,270,0,74.17
758,350,0,0,203,974,775,7,0,18.13
759,350,0,0,203,974,775,14,0,22.53
760,350,0,0,203,974,775,28,0,27.34
761,350,0,0,203,974,775,56,0,29.98
762,350,0,0,203,974,775,90,0,31.35
763,350,0,0,203,974,775,180,0,32.72
764,385,0,0,186,966,763,1,0,6.27
765,385,0,0,186,966,763,3,0,14.7
766,385,0,0,186,966,763,7,0,23.22
767,385,0,0,186,966,763,14,0,27.92
768,385,0,0,186,966,763,28,0,31.35
769,331,0,0,192,978,825,180,0,39
770,331,0,0,192,978,825,360,0,41.24
771,349,0,0,192,1047,806,3,0,14.99
772,331,0,0,192,978,825,3,0,13.52
773,382,0,0,186,1047,739,7,0,24
774,382,0,0,186,1047,739,28,0,37.42
775,382,0,0,186,1111,784,7,0,11.47
776,281,0,0,186,1104,774,28,0,22.44
777,339,0,0,185,1069,754,7,0,21.16
778,339,0,0,185,1069,754,28,0,31.84
779,295,0,0,185,1069,769,7,0,14.8
780,295,0,0,185,1069,769,28,0,25.18
781,238,0,0,185,1118,789,28,0,17.54
782,296,0,0,192,1085,765,7,0,14.2
783,296,0,0,192,1085,765,28,0,21.65
784,296,0,0,192,1085,765,90,0,29.39
785,331,0,0,192,879,825,3,0,13.52
786,331,0,0,192,978,825,7,0,16.26
787,331,0,0,192,978,825,28,0,31.45
788,331,0,0,192,978,825,90,0,37.23
789,349,0,0,192,1047,806,7,0,18.13
790,349,0,0,192,1047,806,28,0,32.72
791,349,0,0,192,1047,806,90,0,39.49
792,349,0,0,192,1047,806,180,0,41.05
793,349,0,0,192,1047,806,360,0,42.13
794,302,0,0,203,974,817,14,0,18.13
795,302,0,0,203,974,817,180,0,26.74
796,525,0,0,189,1125,613,180,0,61.92
797,500,0,0,200,1125,613,90,0,47.22
798,500,0,0,200,1125,613,180,0,51.04
799,500,0,0,200,1125,613,270,0,55.16
800,540,0,0,173,1125,613,3,0,41.64
801,252,0,0,185,1111,784,7,0,13.71
802,252,0,0,185,1111,784,28,0,19.69
803,339,0,0,185,1060,754,28,0,31.65
804,393,0,0,192,940,758,3,0,19.11
805,393,0,0,192,940,758,28,0,39.58
806,393,0,0,192,940,758,90,0,48.79
807,382,0,0,185,1047,739,7,0,24
808,382,0,0,185,1047,739,28,0,37.42
809,252,0,0,186,1111,784,7,0,11.47
810,252,0,0,185,1111,784,28,0,19.69
811,310,0,0,192,970,850,7,0,14.99
812,310,0,0,192,970,850,28,0,27.92
813,310,0,0,192,970,850,90,0,34.68
814,310,0,0,192,970,850,180,0,37.33
815,310,0,0,192,970,850,360,0,38.11
816,525,0,0,189,1125,613,3,0,33.8
817,525,0,0,189,1125,613,7,0,42.42
818,525,0,0,189,1125,613,14,0,48.4
819,525,0,0,189,1125,613,28,0,55.94
820,525,0,0,189,1125,613,90,0,58.78
821,525,0,0,189,1125,613,270,0,67.11
822,322,0,0,203,974,800,14,0,20.77
823,322,0,0,203,974,800,28,0,25.18
824,322,0,0,203,974,800,180,0,29.59
825,302,0,0,203,974,817,28,0,21.75
826,397,0,0,185,1040,734,28,0,39.09
827,480,0,0,192,936,721,3,0,24.39
828,522,0,0,146,896,896,7,0,50.51
829,522,0,0,146,896,896,28,0,74.99
830,273,105,9,210,904,680,28,82,37.17
831,162,190,19,179,838,741,28,148,33.76
832,154,144,10,220,923,658,28,112,16.5
833,147,115,9,202,860,829,28,89,19.99
834,152,178,18,168,944,695,28,139,36.35
835,310,143,22,168,914,651,28,111,33.69
836,144,0,18,158,943,844,28,175,15.42
837,304,140,6,214,895,722,28,0,33.42
838,374,0,7,190,1013,730,28,0,39.05
839,159,149,15,175,953,720,28,116,27.68
840,153,239,6,200,1002,684,28,0,26.86
841,310,143,10,168,914,804,28,0,45.3
842,305,0,10,196,959,705,28,100,30.12
843,151,0,12,167,991,772,28,184,15.57
844,142,167,11,174,883,785,28,130,44.61
845,298,137,6,201,878,655,28,107,53.52
846,321,164,5,190,870,774,28,0,57.21
847,366,187,7,191,824,757,28,0,65.91
848,280,129,9,172,825,805,28,100,52.82
849,252,97,8,194,835,821,28,76,33.4
850,165,0,12,182,1023,729,28,150,18.03
851,156,243,11,180,1022,698,28,0,37.36
852,160,188,11,203,829,710,28,146,32.84
853,298,0,6,186,879,815,28,107,42.64
854,318,0,6,210,861,737,28,126,40.06
855,287,121,9,188,904,696,28,94,41.94
856,326,166,9,174,882,790,28,0,61.23
857,356,0,11,193,801,778,28,142,40.87
858,132,207,5,179,867,736,28,161,33.3
859,322,149,8,186,951,709,28,0,52.42
860,164,0,13,181,849,846,28,200,15.09
861,314,0,10,170,925,783,28,113,38.46
862,321,0,11,182,870,780,28,128,37.26
863,140,164,6,237,869,656,28,128,35.23
864,288,121,7,177,908,829,28,0,42.13
865,298,0,11,210,880,744,28,107,31.87
866,265,111,6,195,833,790,28,86,41.54
867,160,250,12,168,1049,688,28,0,39.45
868,166,260,13,183,859,827,28,0,37.91
869,276,116,9,180,870,768,28,90,44.28
870,322,0,10,196,818,813,28,116,31.18
871,149,139,6,193,892,780,28,109,23.69
872,159,187,11,176,990,789,28,0,32.76
873,261,100,9,201,864,761,28,78,32.4
874,237,92,6,247,853,695,28,71,28.63
875,313,0,8,178,1002,689,28,113,36.8
876,155,183,9,193,1047,697,28,0,18.28
877,146,230,3,202,827,872,28,0,33.06
878,296,0,11,221,819,778,28,107,31.42
879,133,210,3,196,949,795,28,0,31.03
880,313,145,8,178,867,824,28,0,44.39
881,152,0,8,184,992,816,28,112,12.18
882,153,145,8,178,1002,689,28,113,25.56
883,140,133,7,200,916,753,28,103,36.44
884,149,236,13,176,847,893,28,0,32.96
885,300,0,10,212,878,728,28,120,23.84
886,153,145,8,178,867,824,28,113,26.23
887,148,0,16,158,1002,830,28,137,17.95
888,326,0,11,199,801,792,28,138,40.68
889,153,145,8,178,1000,822,28,0,19.01
890,262,111,5,195,895,733,28,86,33.72
891,158,0,11,220,898,713,28,195,8.54
892,151,0,16,167,1074,678,28,185,13.46
893,273,0,11,199,931,762,28,90,32.24
894,149,118,7,183,953,780,28,92,23.52
895,143,169,8,191,967,643,28,143,29.72
896,260,101,10,171,936,763,28,78,49.77
897,313,161,10,178,917,759,28,0,52.44
898,284,120,7,168,970,794,28,0,40.93
899,336,0,3,182,986,817,28,0,44.86
900,145,0,11,181,979,812,28,134,13.2
901,150,237,12,174,1069,675,28,0,37.43
902,144,170,8,192,814,805,28,133,29.87
903,331,170,8,195,811,802,28,0,56.61
904,155,0,9,193,1047,697,28,143,12.46
905,155,183,9,193,877,868,28,0,23.79
906,135,0,10,180,961,805,28,166,13.29
907,266,112,10,178,910,745,28,87,39.42
908,314,145,8,179,869,690,28,113,46.23
909,313,145,8,127,1000,822,28,0,44.52
910,146,173,3,182,986,817,28,0,23.74
911,144,136,7,178,941,774,28,106,26.14
912,148,0,15,181,839,884,28,182,15.52
913,277,117,7,191,946,666,28,91,43.57
914,298,0,13,164,953,784,28,107,35.86
915,313,145,8,178,1002,689,28,0,41.05
916,155,184,9,194,880,699,28,143,28.99
917,289,134,6,195,924,760,28,0,46.24
918,148,175,2,171,1000,828,28,0,26.92
919,145,0,8,202,824,869,28,179,10.54
920,313,0,8,178,1000,822,28,0,25.1
921,136,162,10,172,923,764,28,126,29.07
922,155,0,9,193,877,868,28,143,9.74
923,255,99,6,189,919,749,28,77,33.8
924,162,207,10,216,822,638,28,172,39.84
925,136,196,6,199,847,783,28,98,26.97
926,164,163,8,197,961,641,28,128,27.23
927,162,214,10,202,820,680,28,164,30.65
928,157,214,9,200,819,704,28,152,33.05
929,149,153,8,192,935,623,28,194,24.58
930,135,105,6,196,965,643,28,193,21.91
931,159,209,7,201,848,669,28,161,30.88
932,144,15,6,176,1021,709,28,195,15.34
933,154,174,7,228,845,612,28,185,24.34
934,167,187,7,185,898,636,28,195,23.89
935,184,86,6,213,923,623,28,190,22.93
936,156,178,7,221,854,614,28,187,29.41
937,236.9,91.7,6,246.9,852.9,695.4,28,71.5,28.63
938,313.3,0,8,178.5,1001.9,688.7,28,113,36.8
939,154.8,183.4,9.1,193.3,1047.4,696.7,28,0,18.29
940,145.9,230.5,3.4,202.5,827,871.8,28,0,32.72
941,296,0,10.5,221.4,819.2,778.4,28,106.7,31.42
942,133.1,210.2,3.1,195.7,949.4,795.3,28,0,28.94
943,313.3,145,8,178.5,867.2,824,28,0,40.93
944,151.6,0,7.9,184.4,992,815.9,28,111.9,12.18
945,153.1,145,8,178.5,1001.9,688.7,28,113,25.56
946,139.9,132.6,7.4,200.3,916,753.4,28,103.3,36.44
947,149.5,236,12.6,175.8,846.8,892.7,28,0,32.96
948,299.8,0,9.9,211.5,878.2,727.6,28,119.8,23.84
949,153.1,145,8,178.5,867.2,824,28,113,26.23
950,148.1,0,16.1,158.1,1001.8,830.1,28,136.6,17.96
951,326.5,0,10.8,199,801.1,792.5,28,137.9,38.63
952,152.7,144.7,8,178.1,999.7,822.2,28,0,19.01
953,261.9,110.5,5,195.4,895.2,732.6,28,86.1,33.72
954,158.4,0,11,219.7,897.7,712.9,28,194.9,8.54
955,150.7,0,15.6,166.7,1074.5,678,28,185.3,13.46
956,272.6,0,10.6,198.7,931.3,762.2,28,89.6,32.25
957,149,117.6,7.1,182.9,953.4,780.3,28,91.7,23.52
958,143,169.4,8.4,190.7,967.4,643.5,28,142.7,29.73
959,259.9,100.6,10.4,170.6,935.7,762.9,28,78.4,49.77
960,312.9,160.5,9.6,177.6,916.6,759.5,28,0,52.45
961,284,119.7,7.2,168.3,970.4,794.2,28,0,40.93
962,336.5,0,3.4,181.9,985.8,816.8,28,0,44.87
963,144.8,0,11.1,180.8,979.5,811.5,28,133.6,13.2
964,150,236.8,11.9,173.8,1069.3,674.8,28,0,37.43
965,143.7,170.2,8.5,191.6,814.1,805.3,28,132.6,29.87
966,330.5,169.6,8.1,194.9,811,802.3,28,0,56.62
967,154.8,0,9.1,193.3,1047.4,696.7,28,142.8,12.46
968,154.8,183.4,9.1,193.3,877.2,867.7,28,0,23.79
969,134.7,0,10,180.2,961,804.9,28,165.7,13.29
970,266.2,112.3,10.4,177.9,909.7,744.5,28,87.5,39.42
971,314,145.3,8,178.9,869.1,690.2,28,113.2,46.23
972,312.7,144.7,8,127.3,999.7,822.2,28,0,44.52
973,145.7,172.6,3.4,181.9,985.8,816.8,28,0,23.74
974,143.8,136.3,7.5,178.1,941.5,774.3,28,106.2,26.15
975,148.1,0,15,181.4,838.9,884.3,28,182.1,15.53
976,277,116.8,7,190.6,946.5,665.6,28,91,43.58
977,298.1,0,12.8,163.6,953.2,784,28,107.5,35.87
978,313.3,145,8,178.5,1001.9,688.7,28,0,41.05
979,155.2,183.9,9.2,193.8,879.6,698.5,28,143.2,28.99
980,289,133.7,5.5,194.9,924.1,760.1,28,0,46.25
981,147.8,175.1,2.2,171.2,1000,828.5,28,0,26.92
982,145.4,0,7.8,201.7,824,868.7,28,178.9,10.54
983,312.7,0,8,178.1,999.7,822.2,28,0,25.1
984,136.4,161.6,10.4,171.6,922.6,764.4,28,125.8,29.07
985,154.8,0,9.1,193.3,877.2,867.7,28,142.8,9.74
986,255.3,98.8,6.5,188.6,919,749.3,28,77,33.8
987,272.8,105.1,9,209.7,904,679.7,28,81.8,37.17
988,162,190.1,18.8,178.8,838.1,741.4,28,148.1,33.76
989,153.6,144.2,10.1,220.1,923.2,657.9,28,112.3,16.5
990,146.5,114.6,8.8,201.9,860,829.5,28,89.3,19.99
991,151.8,178.1,18.3,167.5,944,694.6,28,138.7,36.35
992,309.9,142.8,22.1,167.8,913.9,651.2,28,111.2,38.22
993,143.6,0,17.9,158.4,942.7,844.5,28,174.9,15.42
994,303.6,139.9,6.2,213.5,895.5,722.5,28,0,33.42
995,374.3,0,6.7,190.2,1013.2,730.4,28,0,39.06
996,158.6,148.9,15,175.1,953.3,719.7,28,116,27.68
997,152.6,238.7,6.3,200,1001.8,683.9,28,0,26.86
998,310,142.8,10,167.9,914.3,804,28,0,45.3
999,304.8,0,9.8,196,959.4,705.2,28,99.6,30.12
1000,150.9,0,11.6,166.6,991.2,772.2,28,183.9,15.57
1001,141.9,166.6,10.9,173.5,882.6,785.3,28,129.7,44.61
1002,297.8,137.2,6,201.3,878.4,655.3,28,106.9,53.52
1003,321.3,164.2,4.6,190.5,870,774,28,0,57.22
1004,366,187,6.6,191.3,824.3,756.9,28,0,65.91
1005,279.8,128.9,9.5,172.4,825.1,804.9,28,100.4,52.83
1006,252.1,97.1,8.3,193.8,835.5,821.4,28,75.6,33.4
1007,164.6,0,11.7,181.6,1023.3,728.9,28,150.4,18.03
1008,155.6,243.5,10.7,180.3,1022,697.7,28,0,37.36
1009,160.2,188,11.3,203.2,828.7,709.7,28,146.4,35.31
1010,298.1,0,6.1,186.4,879,815.2,28,107,42.64
1011,317.9,0,5.7,209.7,860.5,736.6,28,126.5,40.06
1012,287.3,120.5,9.2,187.6,904.4,695.9,28,93.9,43.8
1013,325.6,166.4,8.9,174,881.6,790,28,0,61.24
1014,355.9,0,11,193.3,801.4,778.4,28,141.6,40.87
1015,132,206.5,5.5,178.9,866.9,735.6,28,160.9,33.31
1016,322.5,148.6,8.5,185.8,951,709.5,28,0,52.43
1017,164.2,0,12.6,181.2,849.3,846,28,200.1,15.09
1018,313.8,0,10.1,169.9,925.3,782.9,28,112.6,38.46
1019,321.4,0,11.5,182.5,870.1,779.7,28,127.9,37.27
1020,139.7,163.9,5.8,236.7,868.6,655.6,28,127.7,35.23
1021,288.4,121,7,177.4,907.9,829.5,28,0,42.14
1022,298.2,0,11.1,209.7,879.6,744.2,28,107,31.88
1023,264.5,111,5.9,195.5,832.6,790.4,28,86.5,41.54
1024,159.8,250,12.2,168.4,1049.3,688.2,28,0,39.46
1025,166,259.7,12.7,183.2,858.8,826.8,28,0,37.92
1026,276.4,116,8.9,179.6,870.1,768.3,28,90.3,44.28
1027,322.2,0,10.4,196,817.9,813.4,28,115.6,31.18
1028,148.5,139.4,6.1,192.7,892.4,780,28,108.6,23.7
1029,159.1,186.7,11.3,175.6,989.6,788.9,28,0,32.77
1030,260.9,100.5,8.6,200.6,864.5,?,28,78.3,32.4
